NumberType: GTIN-13,,,,,,,,
Prefix: 506112295,,,,,,,,
,,,,,,,,
Number,Status,Description,Main Brand,Sub Brand,Product Link,MPN,SKU,Updated
"=""5061122950005""",,,,,,,,"=""21/03/2026 11:16:56"""
"=""5061122950012""",,,,,,,,"=""21/03/2026 11:16:56"""
"=""5061122950029""",,,,,,,,"=""21/03/2026 11:16:56"""
"=""5061122950036""",,,,,,,,"=""21/03/2026 11:16:56"""
"=""5061122950043""",,,,,,,,"=""21/03/2026 11:16:56"""
"=""5061122950050""",,,,,,,,"=""21/03/2026 11:16:56"""
"=""5061122950067""",,,,,,,,"=""21/03/2026 11:16:56"""
"=""5061122950074""",,,,,,,,"=""21/03/2026 11:16:56"""
"=""5061122950081""",,,,,,,,"=""21/03/2026 11:16:56"""
"=""5061122950098""",,,,,,,,"=""21/03/2026 11:16:56"""
"=""5061122950104""",,,,,,,,"=""21/03/2026 11:16:56"""
"=""5061122950111""",,,,,,,,"=""21/03/2026 11:16:56"""
"=""5061122950128""",,,,,,,,"=""21/03/2026 11:16:56"""
"=""5061122950135""",,,,,,,,"=""21/03/2026 11:16:56"""
"=""5061122950142""",,,,,,,,"=""21/03/2026 11:16:56"""
"=""5061122950159""",,,,,,,,"=""21/03/2026 11:16:56"""
"=""5061122950166""",,,,,,,,"=""21/03/2026 11:16:56"""
"=""5061122950173""",,,,,,,,"=""21/03/2026 11:16:56"""
"=""5061122950180""",,,,,,,,"=""21/03/2026 11:16:56"""
"=""5061122950197""",,,,,,,,"=""21/03/2026 11:16:56"""
"=""5061122950203""",,,,,,,,"=""21/03/2026 11:16:56"""
"=""5061122950210""",,,,,,,,"=""21/03/2026 11:16:56"""
"=""5061122950227""",,,,,,,,"=""21/03/2026 11:16:56"""
"=""5061122950234""",,,,,,,,"=""21/03/2026 11:16:56"""
"=""5061122950241""",,,,,,,,"=""21/03/2026 11:16:56"""
"=""5061122950258""",,,,,,,,"=""21/03/2026 11:16:56"""
"=""5061122950265""",,,,,,,,"=""21/03/2026 11:16:56"""
"=""5061122950272""",,,,,,,,"=""21/03/2026 11:16:56"""
"=""5061122950289""",,,,,,,,"=""21/03/2026 11:16:56"""
"=""5061122950296""",,,,,,,,"=""21/03/2026 11:16:56"""
"=""5061122950302""",,,,,,,,"=""21/03/2026 11:16:56"""
"=""5061122950319""",,,,,,,,"=""21/03/2026 11:16:56"""
"=""5061122950326""",,,,,,,,"=""21/03/2026 11:16:56"""
"=""5061122950333""",,,,,,,,"=""21/03/2026 11:16:56"""
"=""5061122950340""",,,,,,,,"=""21/03/2026 11:16:56"""
"=""5061122950357""",,,,,,,,"=""21/03/2026 11:16:56"""
"=""5061122950364""",,,,,,,,"=""21/03/2026 11:16:56"""
"=""5061122950371""",,,,,,,,"=""21/03/2026 11:16:56"""
"=""5061122950388""",,,,,,,,"=""21/03/2026 11:16:56"""
"=""5061122950395""",,,,,,,,"=""21/03/2026 11:16:56"""
"=""5061122950401""",,,,,,,,"=""21/03/2026 11:16:56"""
"=""5061122950418""",,,,,,,,"=""21/03/2026 11:16:56"""
"=""5061122950425""",,,,,,,,"=""21/03/2026 11:16:56"""
"=""5061122950432""",,,,,,,,"=""21/03/2026 11:16:56"""
"=""5061122950449""",,,,,,,,"=""21/03/2026 11:16:56"""
"=""5061122950456""",,,,,,,,"=""21/03/2026 11:16:56"""
"=""5061122950463""",,,,,,,,"=""21/03/2026 11:16:56"""
"=""5061122950470""",,,,,,,,"=""21/03/2026 11:16:56"""
"=""5061122950487""",,,,,,,,"=""21/03/2026 11:16:56"""
"=""5061122950494""",,,,,,,,"=""21/03/2026 11:16:56"""
"=""5061122950500""",,,,,,,,"=""21/03/2026 11:16:56"""
"=""5061122950517""",,,,,,,,"=""21/03/2026 11:16:56"""
"=""5061122950524""",,,,,,,,"=""21/03/2026 11:16:56"""
"=""5061122950531""",,,,,,,,"=""21/03/2026 11:16:56"""
"=""5061122950548""",,,,,,,,"=""21/03/2026 11:16:56"""
"=""5061122950555""",,,,,,,,"=""21/03/2026 11:16:56"""
"=""5061122950562""",,,,,,,,"=""21/03/2026 11:16:56"""
"=""5061122950579""",,,,,,,,"=""21/03/2026 11:16:56"""
"=""5061122950586""",,,,,,,,"=""21/03/2026 11:16:56"""
"=""5061122950593""",,,,,,,,"=""21/03/2026 11:16:56"""
"=""5061122950609""",,,,,,,,"=""21/03/2026 11:16:56"""
"=""5061122950616""",,,,,,,,"=""21/03/2026 11:16:56"""
"=""5061122950623""",,,,,,,,"=""21/03/2026 11:16:56"""
"=""5061122950630""",,,,,,,,"=""21/03/2026 11:16:56"""
"=""5061122950647""",,,,,,,,"=""21/03/2026 11:16:56"""
"=""5061122950654""",,,,,,,,"=""21/03/2026 11:16:56"""
"=""5061122950661""",,,,,,,,"=""21/03/2026 11:16:56"""
"=""5061122950678""",,,,,,,,"=""21/03/2026 11:16:56"""
"=""5061122950685""",,,,,,,,"=""21/03/2026 11:16:56"""
"=""5061122950692""",,,,,,,,"=""21/03/2026 11:16:56"""
"=""5061122950708""",,,,,,,,"=""21/03/2026 11:16:56"""
"=""5061122950715""",,,,,,,,"=""21/03/2026 11:16:56"""
"=""5061122950722""",,,,,,,,"=""21/03/2026 11:16:56"""
"=""5061122950739""",,,,,,,,"=""21/03/2026 11:16:56"""
"=""5061122950746""",,,,,,,,"=""21/03/2026 11:16:56"""
"=""5061122950753""",,,,,,,,"=""21/03/2026 11:16:56"""
"=""5061122950760""",,,,,,,,"=""21/03/2026 11:16:56"""
"=""5061122950777""",,,,,,,,"=""21/03/2026 11:16:56"""
"=""5061122950784""",,,,,,,,"=""21/03/2026 11:16:56"""
"=""5061122950791""",,,,,,,,"=""21/03/2026 11:16:56"""
"=""5061122950807""",,,,,,,,"=""21/03/2026 11:16:56"""
"=""5061122950814""",,,,,,,,"=""21/03/2026 11:16:56"""
"=""5061122950821""",,,,,,,,"=""21/03/2026 11:16:56"""
"=""5061122950838""",,,,,,,,"=""21/03/2026 11:16:56"""
"=""5061122950845""",,,,,,,,"=""21/03/2026 11:16:56"""
"=""5061122950852""",,,,,,,,"=""21/03/2026 11:16:56"""
"=""5061122950869""",,,,,,,,"=""21/03/2026 11:16:56"""
"=""5061122950876""",,,,,,,,"=""21/03/2026 11:16:56"""
"=""5061122950883""",,,,,,,,"=""21/03/2026 11:16:56"""
"=""5061122950890""",,,,,,,,"=""21/03/2026 11:16:56"""
"=""5061122950906""",,,,,,,,"=""21/03/2026 11:16:56"""
"=""5061122950913""",,,,,,,,"=""21/03/2026 11:16:56"""
"=""5061122950920""",,,,,,,,"=""21/03/2026 11:16:56"""
"=""5061122950937""",,,,,,,,"=""21/03/2026 11:16:56"""
"=""5061122950944""",,,,,,,,"=""21/03/2026 11:16:56"""
"=""5061122950951""",,,,,,,,"=""21/03/2026 11:16:56"""
"=""5061122950968""",,,,,,,,"=""21/03/2026 11:16:56"""
"=""5061122950975""",,,,,,,,"=""21/03/2026 11:16:56"""
"=""5061122950982""",,,,,,,,"=""21/03/2026 11:16:56"""
"=""5061122950999""",,,,,,,,"=""21/03/2026 11:16:56"""
"=""5061122951002""",,,,,,,,"=""21/03/2026 11:16:56"""
"=""5061122951019""",,,,,,,,"=""21/03/2026 11:16:56"""
"=""5061122951026""",,,,,,,,"=""21/03/2026 11:16:56"""
"=""5061122951033""",,,,,,,,"=""21/03/2026 11:16:56"""
"=""5061122951040""",,,,,,,,"=""21/03/2026 11:16:56"""
"=""5061122951057""",,,,,,,,"=""21/03/2026 11:16:56"""
"=""5061122951064""",,,,,,,,"=""21/03/2026 11:16:56"""
"=""5061122951071""",,,,,,,,"=""21/03/2026 11:16:56"""
"=""5061122951088""",,,,,,,,"=""21/03/2026 11:16:56"""
"=""5061122951095""",,,,,,,,"=""21/03/2026 11:16:56"""
"=""5061122951101""",,,,,,,,"=""21/03/2026 11:16:56"""
"=""5061122951118""",,,,,,,,"=""21/03/2026 11:16:56"""
"=""5061122951125""",,,,,,,,"=""21/03/2026 11:16:56"""
"=""5061122951132""",,,,,,,,"=""21/03/2026 11:16:56"""
"=""5061122951149""",,,,,,,,"=""21/03/2026 11:16:56"""
"=""5061122951156""",,,,,,,,"=""21/03/2026 11:16:56"""
"=""5061122951163""",,,,,,,,"=""21/03/2026 11:16:56"""
"=""5061122951170""",,,,,,,,"=""21/03/2026 11:16:56"""
"=""5061122951187""",,,,,,,,"=""21/03/2026 11:16:56"""
"=""5061122951194""",,,,,,,,"=""21/03/2026 11:16:56"""
"=""5061122951200""",,,,,,,,"=""21/03/2026 11:16:56"""
"=""5061122951217""",,,,,,,,"=""21/03/2026 11:16:56"""
"=""5061122951224""",,,,,,,,"=""21/03/2026 11:16:56"""
"=""5061122951231""",,,,,,,,"=""21/03/2026 11:16:56"""
"=""5061122951248""",,,,,,,,"=""21/03/2026 11:16:56"""
"=""5061122951255""",,,,,,,,"=""21/03/2026 11:16:56"""
"=""5061122951262""",,,,,,,,"=""21/03/2026 11:16:56"""
"=""5061122951279""",,,,,,,,"=""21/03/2026 11:16:56"""
"=""5061122951286""",,,,,,,,"=""21/03/2026 11:16:56"""
"=""5061122951293""",,,,,,,,"=""21/03/2026 11:16:56"""
"=""5061122951309""",,,,,,,,"=""21/03/2026 11:16:56"""
"=""5061122951316""",,,,,,,,"=""21/03/2026 11:16:56"""
"=""5061122951323""",,,,,,,,"=""21/03/2026 11:16:56"""
"=""5061122951330""",,,,,,,,"=""21/03/2026 11:16:56"""
"=""5061122951347""",,,,,,,,"=""21/03/2026 11:16:56"""
"=""5061122951354""",,,,,,,,"=""21/03/2026 11:16:56"""
"=""5061122951361""",,,,,,,,"=""21/03/2026 11:16:56"""
"=""5061122951378""",,,,,,,,"=""21/03/2026 11:16:56"""
"=""5061122951385""",,,,,,,,"=""21/03/2026 11:16:56"""
"=""5061122951392""",,,,,,,,"=""21/03/2026 11:16:56"""
"=""5061122951408""",,,,,,,,"=""21/03/2026 11:16:56"""
"=""5061122951415""",,,,,,,,"=""21/03/2026 11:16:56"""
"=""5061122951422""",,,,,,,,"=""21/03/2026 11:16:56"""
"=""5061122951439""",,,,,,,,"=""21/03/2026 11:16:56"""
"=""5061122951446""",,,,,,,,"=""21/03/2026 11:16:56"""
"=""5061122951453""",,,,,,,,"=""21/03/2026 11:16:56"""
"=""5061122951460""",,,,,,,,"=""21/03/2026 11:16:56"""
"=""5061122951477""",,,,,,,,"=""21/03/2026 11:16:56"""
"=""5061122951484""",,,,,,,,"=""21/03/2026 11:16:56"""
"=""5061122951491""",,,,,,,,"=""21/03/2026 11:16:56"""
"=""5061122951507""",,,,,,,,"=""21/03/2026 11:16:56"""
"=""5061122951514""",,,,,,,,"=""21/03/2026 11:16:56"""
"=""5061122951521""",,,,,,,,"=""21/03/2026 11:16:56"""
"=""5061122951538""",,,,,,,,"=""21/03/2026 11:16:56"""
"=""5061122951545""",,,,,,,,"=""21/03/2026 11:16:56"""
"=""5061122951552""",,,,,,,,"=""21/03/2026 11:16:56"""
"=""5061122951569""",,,,,,,,"=""21/03/2026 11:16:56"""
"=""5061122951576""",,,,,,,,"=""21/03/2026 11:16:56"""
"=""5061122951583""",,,,,,,,"=""21/03/2026 11:16:56"""
"=""5061122951590""",,,,,,,,"=""21/03/2026 11:16:56"""
"=""5061122951606""",,,,,,,,"=""21/03/2026 11:16:56"""
"=""5061122951613""",,,,,,,,"=""21/03/2026 11:16:56"""
"=""5061122951620""",,,,,,,,"=""21/03/2026 11:16:56"""
"=""5061122951637""",,,,,,,,"=""21/03/2026 11:16:56"""
"=""5061122951644""",,,,,,,,"=""21/03/2026 11:16:56"""
"=""5061122951651""",,,,,,,,"=""21/03/2026 11:16:56"""
"=""5061122951668""",,,,,,,,"=""21/03/2026 11:16:56"""
"=""5061122951675""",,,,,,,,"=""21/03/2026 11:16:56"""
"=""5061122951682""",,,,,,,,"=""21/03/2026 11:16:56"""
"=""5061122951699""",,,,,,,,"=""21/03/2026 11:16:56"""
"=""5061122951705""",,,,,,,,"=""21/03/2026 11:16:56"""
"=""5061122951712""",,,,,,,,"=""21/03/2026 11:16:56"""
"=""5061122951729""",,,,,,,,"=""21/03/2026 11:16:56"""
"=""5061122951736""",,,,,,,,"=""21/03/2026 11:16:56"""
"=""5061122951743""",,,,,,,,"=""21/03/2026 11:16:56"""
"=""5061122951750""",,,,,,,,"=""21/03/2026 11:16:56"""
"=""5061122951767""",,,,,,,,"=""21/03/2026 11:16:56"""
"=""5061122951774""",,,,,,,,"=""21/03/2026 11:16:56"""
"=""5061122951781""",,,,,,,,"=""21/03/2026 11:16:56"""
"=""5061122951798""",,,,,,,,"=""21/03/2026 11:16:56"""
"=""5061122951804""",,,,,,,,"=""21/03/2026 11:16:56"""
"=""5061122951811""",,,,,,,,"=""21/03/2026 11:16:56"""
"=""5061122951828""",,,,,,,,"=""21/03/2026 11:16:56"""
"=""5061122951835""",,,,,,,,"=""21/03/2026 11:16:56"""
"=""5061122951842""",,,,,,,,"=""21/03/2026 11:16:56"""
"=""5061122951859""",,,,,,,,"=""21/03/2026 11:16:56"""
"=""5061122951866""",,,,,,,,"=""21/03/2026 11:16:56"""
"=""5061122951873""",,,,,,,,"=""21/03/2026 11:16:56"""
"=""5061122951880""",,,,,,,,"=""21/03/2026 11:16:56"""
"=""5061122951897""",,,,,,,,"=""21/03/2026 11:16:56"""
"=""5061122951903""",,,,,,,,"=""21/03/2026 11:16:56"""
"=""5061122951910""",,,,,,,,"=""21/03/2026 11:16:56"""
"=""5061122951927""",,,,,,,,"=""21/03/2026 11:16:56"""
"=""5061122951934""",,,,,,,,"=""21/03/2026 11:16:56"""
"=""5061122951941""",,,,,,,,"=""21/03/2026 11:16:56"""
"=""5061122951958""",,,,,,,,"=""21/03/2026 11:16:56"""
"=""5061122951965""",,,,,,,,"=""21/03/2026 11:16:56"""
"=""5061122951972""",,,,,,,,"=""21/03/2026 11:16:56"""
"=""5061122951989""",,,,,,,,"=""21/03/2026 11:16:56"""
"=""5061122951996""",,,,,,,,"=""21/03/2026 11:16:56"""
"=""5061122952009""",,,,,,,,"=""21/03/2026 11:16:56"""
"=""5061122952016""",,,,,,,,"=""21/03/2026 11:16:56"""
"=""5061122952023""",,,,,,,,"=""21/03/2026 11:16:56"""
"=""5061122952030""",,,,,,,,"=""21/03/2026 11:16:56"""
"=""5061122952047""",,,,,,,,"=""21/03/2026 11:16:56"""
"=""5061122952054""",,,,,,,,"=""21/03/2026 11:16:56"""
"=""5061122952061""",,,,,,,,"=""21/03/2026 11:16:56"""
"=""5061122952078""",,,,,,,,"=""21/03/2026 11:16:56"""
"=""5061122952085""",,,,,,,,"=""21/03/2026 11:16:56"""
"=""5061122952092""",,,,,,,,"=""21/03/2026 11:16:56"""
"=""5061122952108""",,,,,,,,"=""21/03/2026 11:16:56"""
"=""5061122952115""",,,,,,,,"=""21/03/2026 11:16:56"""
"=""5061122952122""",,,,,,,,"=""21/03/2026 11:16:56"""
"=""5061122952139""",,,,,,,,"=""21/03/2026 11:16:56"""
"=""5061122952146""",,,,,,,,"=""21/03/2026 11:16:56"""
"=""5061122952153""",,,,,,,,"=""21/03/2026 11:16:56"""
"=""5061122952160""",,,,,,,,"=""21/03/2026 11:16:56"""
"=""5061122952177""",,,,,,,,"=""21/03/2026 11:16:56"""
"=""5061122952184""",,,,,,,,"=""21/03/2026 11:16:56"""
"=""5061122952191""",,,,,,,,"=""21/03/2026 11:16:56"""
"=""5061122952207""",,,,,,,,"=""21/03/2026 11:16:56"""
"=""5061122952214""",,,,,,,,"=""21/03/2026 11:16:56"""
"=""5061122952221""",,,,,,,,"=""21/03/2026 11:16:56"""
"=""5061122952238""",,,,,,,,"=""21/03/2026 11:16:56"""
"=""5061122952245""",,,,,,,,"=""21/03/2026 11:16:56"""
"=""5061122952252""",,,,,,,,"=""21/03/2026 11:16:56"""
"=""5061122952269""",,,,,,,,"=""21/03/2026 11:16:56"""
"=""5061122952276""",,,,,,,,"=""21/03/2026 11:16:56"""
"=""5061122952283""",,,,,,,,"=""21/03/2026 11:16:56"""
"=""5061122952290""",,,,,,,,"=""21/03/2026 11:16:56"""
"=""5061122952306""",,,,,,,,"=""21/03/2026 11:16:56"""
"=""5061122952313""",,,,,,,,"=""21/03/2026 11:16:56"""
"=""5061122952320""",,,,,,,,"=""21/03/2026 11:16:56"""
"=""5061122952337""",,,,,,,,"=""21/03/2026 11:16:56"""
"=""5061122952344""",,,,,,,,"=""21/03/2026 11:16:56"""
"=""5061122952351""",,,,,,,,"=""21/03/2026 11:16:56"""
"=""5061122952368""",,,,,,,,"=""21/03/2026 11:16:56"""
"=""5061122952375""",,,,,,,,"=""21/03/2026 11:16:56"""
"=""5061122952382""",,,,,,,,"=""21/03/2026 11:16:56"""
"=""5061122952399""",,,,,,,,"=""21/03/2026 11:16:56"""
"=""5061122952405""",,,,,,,,"=""21/03/2026 11:16:56"""
"=""5061122952412""",,,,,,,,"=""21/03/2026 11:16:56"""
"=""5061122952429""",,,,,,,,"=""21/03/2026 11:16:56"""
"=""5061122952436""",,,,,,,,"=""21/03/2026 11:16:56"""
"=""5061122952443""",,,,,,,,"=""21/03/2026 11:16:56"""
"=""5061122952450""",,,,,,,,"=""21/03/2026 11:16:56"""
"=""5061122952467""",,,,,,,,"=""21/03/2026 11:16:56"""
"=""5061122952474""",,,,,,,,"=""21/03/2026 11:16:56"""
"=""5061122952481""",,,,,,,,"=""21/03/2026 11:16:56"""
"=""5061122952498""",,,,,,,,"=""21/03/2026 11:16:56"""
"=""5061122952504""",,,,,,,,"=""21/03/2026 11:16:56"""
"=""5061122952511""",,,,,,,,"=""21/03/2026 11:16:56"""
"=""5061122952528""",,,,,,,,"=""21/03/2026 11:16:56"""
"=""5061122952535""",,,,,,,,"=""21/03/2026 11:16:56"""
"=""5061122952542""",,,,,,,,"=""21/03/2026 11:16:56"""
"=""5061122952559""",,,,,,,,"=""21/03/2026 11:16:56"""
"=""5061122952566""",,,,,,,,"=""21/03/2026 11:16:56"""
"=""5061122952573""",,,,,,,,"=""21/03/2026 11:16:56"""
"=""5061122952580""",,,,,,,,"=""21/03/2026 11:16:56"""
"=""5061122952597""",,,,,,,,"=""21/03/2026 11:16:56"""
"=""5061122952603""",,,,,,,,"=""21/03/2026 11:16:56"""
"=""5061122952610""",,,,,,,,"=""21/03/2026 11:16:56"""
"=""5061122952627""",,,,,,,,"=""21/03/2026 11:16:56"""
"=""5061122952634""",,,,,,,,"=""21/03/2026 11:16:56"""
"=""5061122952641""",,,,,,,,"=""21/03/2026 11:16:56"""
"=""5061122952658""",,,,,,,,"=""21/03/2026 11:16:56"""
"=""5061122952665""",,,,,,,,"=""21/03/2026 11:16:56"""
"=""5061122952672""",,,,,,,,"=""21/03/2026 11:16:56"""
"=""5061122952689""",,,,,,,,"=""21/03/2026 11:16:56"""
"=""5061122952696""",,,,,,,,"=""21/03/2026 11:16:56"""
"=""5061122952702""",,,,,,,,"=""21/03/2026 11:16:56"""
"=""5061122952719""",,,,,,,,"=""21/03/2026 11:16:56"""
"=""5061122952726""",,,,,,,,"=""21/03/2026 11:16:56"""
"=""5061122952733""",,,,,,,,"=""21/03/2026 11:16:56"""
"=""5061122952740""",,,,,,,,"=""21/03/2026 11:16:56"""
"=""5061122952757""",,,,,,,,"=""21/03/2026 11:16:56"""
"=""5061122952764""",,,,,,,,"=""21/03/2026 11:16:56"""
"=""5061122952771""",,,,,,,,"=""21/03/2026 11:16:56"""
"=""5061122952788""",,,,,,,,"=""21/03/2026 11:16:56"""
"=""5061122952795""",,,,,,,,"=""21/03/2026 11:16:56"""
"=""5061122952801""",,,,,,,,"=""21/03/2026 11:16:56"""
"=""5061122952818""",,,,,,,,"=""21/03/2026 11:16:56"""
"=""5061122952825""",,,,,,,,"=""21/03/2026 11:16:56"""
"=""5061122952832""",,,,,,,,"=""21/03/2026 11:16:56"""
"=""5061122952849""",,,,,,,,"=""21/03/2026 11:16:56"""
"=""5061122952856""",,,,,,,,"=""21/03/2026 11:16:56"""
"=""5061122952863""",,,,,,,,"=""21/03/2026 11:16:56"""
"=""5061122952870""",,,,,,,,"=""21/03/2026 11:16:56"""
"=""5061122952887""",,,,,,,,"=""21/03/2026 11:16:56"""
"=""5061122952894""",,,,,,,,"=""21/03/2026 11:16:56"""
"=""5061122952900""",,,,,,,,"=""21/03/2026 11:16:56"""
"=""5061122952917""",,,,,,,,"=""21/03/2026 11:16:56"""
"=""5061122952924""",,,,,,,,"=""21/03/2026 11:16:56"""
"=""5061122952931""",,,,,,,,"=""21/03/2026 11:16:56"""
"=""5061122952948""",,,,,,,,"=""21/03/2026 11:16:56"""
"=""5061122952955""",,,,,,,,"=""21/03/2026 11:16:56"""
"=""5061122952962""",,,,,,,,"=""21/03/2026 11:16:56"""
"=""5061122952979""",,,,,,,,"=""21/03/2026 11:16:56"""
"=""5061122952986""",,,,,,,,"=""21/03/2026 11:16:56"""
"=""5061122952993""",,,,,,,,"=""21/03/2026 11:16:56"""
"=""5061122953006""",,,,,,,,"=""21/03/2026 11:16:56"""
"=""5061122953013""",,,,,,,,"=""21/03/2026 11:16:56"""
"=""5061122953020""",,,,,,,,"=""21/03/2026 11:16:56"""
"=""5061122953037""",,,,,,,,"=""21/03/2026 11:16:56"""
"=""5061122953044""",,,,,,,,"=""21/03/2026 11:16:56"""
"=""5061122953051""",,,,,,,,"=""21/03/2026 11:16:56"""
"=""5061122953068""",,,,,,,,"=""21/03/2026 11:16:56"""
"=""5061122953075""",,,,,,,,"=""21/03/2026 11:16:56"""
"=""5061122953082""",,,,,,,,"=""21/03/2026 11:16:56"""
"=""5061122953099""",,,,,,,,"=""21/03/2026 11:16:56"""
"=""5061122953105""",,,,,,,,"=""21/03/2026 11:16:56"""
"=""5061122953112""",,,,,,,,"=""21/03/2026 11:16:56"""
"=""5061122953129""",,,,,,,,"=""21/03/2026 11:16:56"""
"=""5061122953136""",,,,,,,,"=""21/03/2026 11:16:56"""
"=""5061122953143""",,,,,,,,"=""21/03/2026 11:16:56"""
"=""5061122953150""",,,,,,,,"=""21/03/2026 11:16:56"""
"=""5061122953167""",,,,,,,,"=""21/03/2026 11:16:56"""
"=""5061122953174""",,,,,,,,"=""21/03/2026 11:16:56"""
"=""5061122953181""",,,,,,,,"=""21/03/2026 11:16:56"""
"=""5061122953198""",,,,,,,,"=""21/03/2026 11:16:56"""
"=""5061122953204""",,,,,,,,"=""21/03/2026 11:16:56"""
"=""5061122953211""",,,,,,,,"=""21/03/2026 11:16:56"""
"=""5061122953228""",,,,,,,,"=""21/03/2026 11:16:56"""
"=""5061122953235""",,,,,,,,"=""21/03/2026 11:16:56"""
"=""5061122953242""",,,,,,,,"=""21/03/2026 11:16:56"""
"=""5061122953259""",,,,,,,,"=""21/03/2026 11:16:56"""
"=""5061122953266""",,,,,,,,"=""21/03/2026 11:16:56"""
"=""5061122953273""",,,,,,,,"=""21/03/2026 11:16:56"""
"=""5061122953280""",,,,,,,,"=""21/03/2026 11:16:56"""
"=""5061122953297""",,,,,,,,"=""21/03/2026 11:16:56"""
"=""5061122953303""",,,,,,,,"=""21/03/2026 11:16:56"""
"=""5061122953310""",,,,,,,,"=""21/03/2026 11:16:56"""
"=""5061122953327""",,,,,,,,"=""21/03/2026 11:16:56"""
"=""5061122953334""",,,,,,,,"=""21/03/2026 11:16:56"""
"=""5061122953341""",,,,,,,,"=""21/03/2026 11:16:56"""
"=""5061122953358""",,,,,,,,"=""21/03/2026 11:16:56"""
"=""5061122953365""",,,,,,,,"=""21/03/2026 11:16:56"""
"=""5061122953372""",,,,,,,,"=""21/03/2026 11:16:56"""
"=""5061122953389""",,,,,,,,"=""21/03/2026 11:16:56"""
"=""5061122953396""",,,,,,,,"=""21/03/2026 11:16:56"""
"=""5061122953402""",,,,,,,,"=""21/03/2026 11:16:56"""
"=""5061122953419""",,,,,,,,"=""21/03/2026 11:16:56"""
"=""5061122953426""",,,,,,,,"=""21/03/2026 11:16:56"""
"=""5061122953433""",,,,,,,,"=""21/03/2026 11:16:56"""
"=""5061122953440""",,,,,,,,"=""21/03/2026 11:16:56"""
"=""5061122953457""",,,,,,,,"=""21/03/2026 11:16:56"""
"=""5061122953464""",,,,,,,,"=""21/03/2026 11:16:56"""
"=""5061122953471""",,,,,,,,"=""21/03/2026 11:16:56"""
"=""5061122953488""",,,,,,,,"=""21/03/2026 11:16:56"""
"=""5061122953495""",,,,,,,,"=""21/03/2026 11:16:56"""
"=""5061122953501""",,,,,,,,"=""21/03/2026 11:16:56"""
"=""5061122953518""",,,,,,,,"=""21/03/2026 11:16:56"""
"=""5061122953525""",,,,,,,,"=""21/03/2026 11:16:56"""
"=""5061122953532""",,,,,,,,"=""21/03/2026 11:16:56"""
"=""5061122953549""",,,,,,,,"=""21/03/2026 11:16:56"""
"=""5061122953556""",,,,,,,,"=""21/03/2026 11:16:56"""
"=""5061122953563""",,,,,,,,"=""21/03/2026 11:16:56"""
"=""5061122953570""",,,,,,,,"=""21/03/2026 11:16:56"""
"=""5061122953587""",,,,,,,,"=""21/03/2026 11:16:56"""
"=""5061122953594""",,,,,,,,"=""21/03/2026 11:16:56"""
"=""5061122953600""",,,,,,,,"=""21/03/2026 11:16:56"""
"=""5061122953617""",,,,,,,,"=""21/03/2026 11:16:56"""
"=""5061122953624""",,,,,,,,"=""21/03/2026 11:16:56"""
"=""5061122953631""",,,,,,,,"=""21/03/2026 11:16:56"""
"=""5061122953648""",,,,,,,,"=""21/03/2026 11:16:56"""
"=""5061122953655""",,,,,,,,"=""21/03/2026 11:16:56"""
"=""5061122953662""",,,,,,,,"=""21/03/2026 11:16:56"""
"=""5061122953679""",,,,,,,,"=""21/03/2026 11:16:56"""
"=""5061122953686""",,,,,,,,"=""21/03/2026 11:16:56"""
"=""5061122953693""",,,,,,,,"=""21/03/2026 11:16:56"""
"=""5061122953709""",,,,,,,,"=""21/03/2026 11:16:56"""
"=""5061122953716""",,,,,,,,"=""21/03/2026 11:16:56"""
"=""5061122953723""",,,,,,,,"=""21/03/2026 11:16:56"""
"=""5061122953730""",,,,,,,,"=""21/03/2026 11:16:56"""
"=""5061122953747""",,,,,,,,"=""21/03/2026 11:16:56"""
"=""5061122953754""",,,,,,,,"=""21/03/2026 11:16:56"""
"=""5061122953761""",,,,,,,,"=""21/03/2026 11:16:56"""
"=""5061122953778""",,,,,,,,"=""21/03/2026 11:16:56"""
"=""5061122953785""",,,,,,,,"=""21/03/2026 11:16:56"""
"=""5061122953792""",,,,,,,,"=""21/03/2026 11:16:56"""
"=""5061122953808""",,,,,,,,"=""21/03/2026 11:16:56"""
"=""5061122953815""",,,,,,,,"=""21/03/2026 11:16:56"""
"=""5061122953822""",,,,,,,,"=""21/03/2026 11:16:56"""
"=""5061122953839""",,,,,,,,"=""21/03/2026 11:16:56"""
"=""5061122953846""",,,,,,,,"=""21/03/2026 11:16:56"""
"=""5061122953853""",,,,,,,,"=""21/03/2026 11:16:56"""
"=""5061122953860""",,,,,,,,"=""21/03/2026 11:16:56"""
"=""5061122953877""",,,,,,,,"=""21/03/2026 11:16:56"""
"=""5061122953884""",,,,,,,,"=""21/03/2026 11:16:56"""
"=""5061122953891""",,,,,,,,"=""21/03/2026 11:16:56"""
"=""5061122953907""",,,,,,,,"=""21/03/2026 11:16:56"""
"=""5061122953914""",,,,,,,,"=""21/03/2026 11:16:56"""
"=""5061122953921""",,,,,,,,"=""21/03/2026 11:16:56"""
"=""5061122953938""",,,,,,,,"=""21/03/2026 11:16:56"""
"=""5061122953945""",,,,,,,,"=""21/03/2026 11:16:56"""
"=""5061122953952""",,,,,,,,"=""21/03/2026 11:16:56"""
"=""5061122953969""",,,,,,,,"=""21/03/2026 11:16:56"""
"=""5061122953976""",,,,,,,,"=""21/03/2026 11:16:56"""
"=""5061122953983""",,,,,,,,"=""21/03/2026 11:16:56"""
"=""5061122953990""",,,,,,,,"=""21/03/2026 11:16:56"""
"=""5061122954003""",,,,,,,,"=""21/03/2026 11:16:56"""
"=""5061122954010""",,,,,,,,"=""21/03/2026 11:16:56"""
"=""5061122954027""",,,,,,,,"=""21/03/2026 11:16:56"""
"=""5061122954034""",,,,,,,,"=""21/03/2026 11:16:56"""
"=""5061122954041""",,,,,,,,"=""21/03/2026 11:16:56"""
"=""5061122954058""",,,,,,,,"=""21/03/2026 11:16:56"""
"=""5061122954065""",,,,,,,,"=""21/03/2026 11:16:56"""
"=""5061122954072""",,,,,,,,"=""21/03/2026 11:16:56"""
"=""5061122954089""",,,,,,,,"=""21/03/2026 11:16:56"""
"=""5061122954096""",,,,,,,,"=""21/03/2026 11:16:56"""
"=""5061122954102""",,,,,,,,"=""21/03/2026 11:16:56"""
"=""5061122954119""",,,,,,,,"=""21/03/2026 11:16:56"""
"=""5061122954126""",,,,,,,,"=""21/03/2026 11:16:56"""
"=""5061122954133""",,,,,,,,"=""21/03/2026 11:16:56"""
"=""5061122954140""",,,,,,,,"=""21/03/2026 11:16:56"""
"=""5061122954157""",,,,,,,,"=""21/03/2026 11:16:56"""
"=""5061122954164""",,,,,,,,"=""21/03/2026 11:16:56"""
"=""5061122954171""",,,,,,,,"=""21/03/2026 11:16:56"""
"=""5061122954188""",,,,,,,,"=""21/03/2026 11:16:56"""
"=""5061122954195""",,,,,,,,"=""21/03/2026 11:16:56"""
"=""5061122954201""",,,,,,,,"=""21/03/2026 11:16:56"""
"=""5061122954218""",,,,,,,,"=""21/03/2026 11:16:56"""
"=""5061122954225""",,,,,,,,"=""21/03/2026 11:16:56"""
"=""5061122954232""",,,,,,,,"=""21/03/2026 11:16:56"""
"=""5061122954249""",,,,,,,,"=""21/03/2026 11:16:56"""
"=""5061122954256""",,,,,,,,"=""21/03/2026 11:16:56"""
"=""5061122954263""",,,,,,,,"=""21/03/2026 11:16:56"""
"=""5061122954270""",,,,,,,,"=""21/03/2026 11:16:56"""
"=""5061122954287""",,,,,,,,"=""21/03/2026 11:16:56"""
"=""5061122954294""",,,,,,,,"=""21/03/2026 11:16:56"""
"=""5061122954300""",,,,,,,,"=""21/03/2026 11:16:56"""
"=""5061122954317""",,,,,,,,"=""21/03/2026 11:16:56"""
"=""5061122954324""",,,,,,,,"=""21/03/2026 11:16:56"""
"=""5061122954331""",,,,,,,,"=""21/03/2026 11:16:56"""
"=""5061122954348""",,,,,,,,"=""21/03/2026 11:16:56"""
"=""5061122954355""",,,,,,,,"=""21/03/2026 11:16:56"""
"=""5061122954362""",,,,,,,,"=""21/03/2026 11:16:56"""
"=""5061122954379""",,,,,,,,"=""21/03/2026 11:16:56"""
"=""5061122954386""",,,,,,,,"=""21/03/2026 11:16:56"""
"=""5061122954393""",,,,,,,,"=""21/03/2026 11:16:56"""
"=""5061122954409""",,,,,,,,"=""21/03/2026 11:16:56"""
"=""5061122954416""",,,,,,,,"=""21/03/2026 11:16:56"""
"=""5061122954423""",,,,,,,,"=""21/03/2026 11:16:56"""
"=""5061122954430""",,,,,,,,"=""21/03/2026 11:16:56"""
"=""5061122954447""",,,,,,,,"=""21/03/2026 11:16:56"""
"=""5061122954454""",,,,,,,,"=""21/03/2026 11:16:56"""
"=""5061122954461""",,,,,,,,"=""21/03/2026 11:16:56"""
"=""5061122954478""",,,,,,,,"=""21/03/2026 11:16:56"""
"=""5061122954485""",,,,,,,,"=""21/03/2026 11:16:56"""
"=""5061122954492""",,,,,,,,"=""21/03/2026 11:16:56"""
"=""5061122954508""",,,,,,,,"=""21/03/2026 11:16:56"""
"=""5061122954515""",,,,,,,,"=""21/03/2026 11:16:56"""
"=""5061122954522""",,,,,,,,"=""21/03/2026 11:16:56"""
"=""5061122954539""",,,,,,,,"=""21/03/2026 11:16:56"""
"=""5061122954546""",,,,,,,,"=""21/03/2026 11:16:56"""
"=""5061122954553""",,,,,,,,"=""21/03/2026 11:16:56"""
"=""5061122954560""",,,,,,,,"=""21/03/2026 11:16:56"""
"=""5061122954577""",,,,,,,,"=""21/03/2026 11:16:56"""
"=""5061122954584""",,,,,,,,"=""21/03/2026 11:16:56"""
"=""5061122954591""",,,,,,,,"=""21/03/2026 11:16:56"""
"=""5061122954607""",,,,,,,,"=""21/03/2026 11:16:56"""
"=""5061122954614""",,,,,,,,"=""21/03/2026 11:16:56"""
"=""5061122954621""",,,,,,,,"=""21/03/2026 11:16:56"""
"=""5061122954638""",,,,,,,,"=""21/03/2026 11:16:56"""
"=""5061122954645""",,,,,,,,"=""21/03/2026 11:16:56"""
"=""5061122954652""",,,,,,,,"=""21/03/2026 11:16:56"""
"=""5061122954669""",,,,,,,,"=""21/03/2026 11:16:56"""
"=""5061122954676""",,,,,,,,"=""21/03/2026 11:16:56"""
"=""5061122954683""",,,,,,,,"=""21/03/2026 11:16:56"""
"=""5061122954690""",,,,,,,,"=""21/03/2026 11:16:56"""
"=""5061122954706""",,,,,,,,"=""21/03/2026 11:16:56"""
"=""5061122954713""",,,,,,,,"=""21/03/2026 11:16:56"""
"=""5061122954720""",,,,,,,,"=""21/03/2026 11:16:56"""
"=""5061122954737""",,,,,,,,"=""21/03/2026 11:16:56"""
"=""5061122954744""",,,,,,,,"=""21/03/2026 11:16:56"""
"=""5061122954751""",,,,,,,,"=""21/03/2026 11:16:56"""
"=""5061122954768""",,,,,,,,"=""21/03/2026 11:16:56"""
"=""5061122954775""",,,,,,,,"=""21/03/2026 11:16:56"""
"=""5061122954782""",,,,,,,,"=""21/03/2026 11:16:56"""
"=""5061122954799""",,,,,,,,"=""21/03/2026 11:16:56"""
"=""5061122954805""",,,,,,,,"=""21/03/2026 11:16:56"""
"=""5061122954812""",,,,,,,,"=""21/03/2026 11:16:56"""
"=""5061122954829""",,,,,,,,"=""21/03/2026 11:16:56"""
"=""5061122954836""",,,,,,,,"=""21/03/2026 11:16:56"""
"=""5061122954843""",,,,,,,,"=""21/03/2026 11:16:56"""
"=""5061122954850""",,,,,,,,"=""21/03/2026 11:16:56"""
"=""5061122954867""",,,,,,,,"=""21/03/2026 11:16:56"""
"=""5061122954874""",,,,,,,,"=""21/03/2026 11:16:56"""
"=""5061122954881""",,,,,,,,"=""21/03/2026 11:16:56"""
"=""5061122954898""",,,,,,,,"=""21/03/2026 11:16:56"""
"=""5061122954904""",,,,,,,,"=""21/03/2026 11:16:56"""
"=""5061122954911""",,,,,,,,"=""21/03/2026 11:16:56"""
"=""5061122954928""",,,,,,,,"=""21/03/2026 11:16:56"""
"=""5061122954935""",,,,,,,,"=""21/03/2026 11:16:56"""
"=""5061122954942""",,,,,,,,"=""21/03/2026 11:16:56"""
"=""5061122954959""",,,,,,,,"=""21/03/2026 11:16:56"""
"=""5061122954966""",,,,,,,,"=""21/03/2026 11:16:56"""
"=""5061122954973""",,,,,,,,"=""21/03/2026 11:16:56"""
"=""5061122954980""",,,,,,,,"=""21/03/2026 11:16:56"""
"=""5061122954997""",,,,,,,,"=""21/03/2026 11:16:56"""
"=""5061122955000""",,,,,,,,"=""21/03/2026 11:16:56"""
"=""5061122955017""",,,,,,,,"=""21/03/2026 11:16:56"""
"=""5061122955024""",,,,,,,,"=""21/03/2026 11:16:56"""
"=""5061122955031""",,,,,,,,"=""21/03/2026 11:16:56"""
"=""5061122955048""",,,,,,,,"=""21/03/2026 11:16:56"""
"=""5061122955055""",,,,,,,,"=""21/03/2026 11:16:56"""
"=""5061122955062""",,,,,,,,"=""21/03/2026 11:16:56"""
"=""5061122955079""",,,,,,,,"=""21/03/2026 11:16:56"""
"=""5061122955086""",,,,,,,,"=""21/03/2026 11:16:56"""
"=""5061122955093""",,,,,,,,"=""21/03/2026 11:16:56"""
"=""5061122955109""",,,,,,,,"=""21/03/2026 11:16:56"""
"=""5061122955116""",,,,,,,,"=""21/03/2026 11:16:56"""
"=""5061122955123""",,,,,,,,"=""21/03/2026 11:16:56"""
"=""5061122955130""",,,,,,,,"=""21/03/2026 11:16:56"""
"=""5061122955147""",,,,,,,,"=""21/03/2026 11:16:56"""
"=""5061122955154""",,,,,,,,"=""21/03/2026 11:16:56"""
"=""5061122955161""",,,,,,,,"=""21/03/2026 11:16:56"""
"=""5061122955178""",,,,,,,,"=""21/03/2026 11:16:56"""
"=""5061122955185""",,,,,,,,"=""21/03/2026 11:16:56"""
"=""5061122955192""",,,,,,,,"=""21/03/2026 11:16:56"""
"=""5061122955208""",,,,,,,,"=""21/03/2026 11:16:56"""
"=""5061122955215""",,,,,,,,"=""21/03/2026 11:16:56"""
"=""5061122955222""",,,,,,,,"=""21/03/2026 11:16:56"""
"=""5061122955239""",,,,,,,,"=""21/03/2026 11:16:56"""
"=""5061122955246""",,,,,,,,"=""21/03/2026 11:16:56"""
"=""5061122955253""",,,,,,,,"=""21/03/2026 11:16:56"""
"=""5061122955260""",,,,,,,,"=""21/03/2026 11:16:56"""
"=""5061122955277""",,,,,,,,"=""21/03/2026 11:16:56"""
"=""5061122955284""",,,,,,,,"=""21/03/2026 11:16:56"""
"=""5061122955291""",,,,,,,,"=""21/03/2026 11:16:56"""
"=""5061122955307""",,,,,,,,"=""21/03/2026 11:16:56"""
"=""5061122955314""",,,,,,,,"=""21/03/2026 11:16:56"""
"=""5061122955321""",,,,,,,,"=""21/03/2026 11:16:56"""
"=""5061122955338""",,,,,,,,"=""21/03/2026 11:16:56"""
"=""5061122955345""",,,,,,,,"=""21/03/2026 11:16:56"""
"=""5061122955352""",,,,,,,,"=""21/03/2026 11:16:56"""
"=""5061122955369""",,,,,,,,"=""21/03/2026 11:16:56"""
"=""5061122955376""",,,,,,,,"=""21/03/2026 11:16:56"""
"=""5061122955383""",,,,,,,,"=""21/03/2026 11:16:56"""
"=""5061122955390""",,,,,,,,"=""21/03/2026 11:16:56"""
"=""5061122955406""",,,,,,,,"=""21/03/2026 11:16:56"""
"=""5061122955413""",,,,,,,,"=""21/03/2026 11:16:56"""
"=""5061122955420""",,,,,,,,"=""21/03/2026 11:16:56"""
"=""5061122955437""",,,,,,,,"=""21/03/2026 11:16:56"""
"=""5061122955444""",,,,,,,,"=""21/03/2026 11:16:56"""
"=""5061122955451""",,,,,,,,"=""21/03/2026 11:16:56"""
"=""5061122955468""",,,,,,,,"=""21/03/2026 11:16:56"""
"=""5061122955475""",,,,,,,,"=""21/03/2026 11:16:56"""
"=""5061122955482""",,,,,,,,"=""21/03/2026 11:16:56"""
"=""5061122955499""",,,,,,,,"=""21/03/2026 11:16:56"""
"=""5061122955505""",,,,,,,,"=""21/03/2026 11:16:56"""
"=""5061122955512""",,,,,,,,"=""21/03/2026 11:16:56"""
"=""5061122955529""",,,,,,,,"=""21/03/2026 11:16:56"""
"=""5061122955536""",,,,,,,,"=""21/03/2026 11:16:56"""
"=""5061122955543""",,,,,,,,"=""21/03/2026 11:16:56"""
"=""5061122955550""",,,,,,,,"=""21/03/2026 11:16:56"""
"=""5061122955567""",,,,,,,,"=""21/03/2026 11:16:56"""
"=""5061122955574""",,,,,,,,"=""21/03/2026 11:16:56"""
"=""5061122955581""",,,,,,,,"=""21/03/2026 11:16:56"""
"=""5061122955598""",,,,,,,,"=""21/03/2026 11:16:56"""
"=""5061122955604""",,,,,,,,"=""21/03/2026 11:16:56"""
"=""5061122955611""",,,,,,,,"=""21/03/2026 11:16:56"""
"=""5061122955628""",,,,,,,,"=""21/03/2026 11:16:56"""
"=""5061122955635""",,,,,,,,"=""21/03/2026 11:16:56"""
"=""5061122955642""",,,,,,,,"=""21/03/2026 11:16:56"""
"=""5061122955659""",,,,,,,,"=""21/03/2026 11:16:56"""
"=""5061122955666""",,,,,,,,"=""21/03/2026 11:16:56"""
"=""5061122955673""",,,,,,,,"=""21/03/2026 11:16:56"""
"=""5061122955680""",,,,,,,,"=""21/03/2026 11:16:56"""
"=""5061122955697""",,,,,,,,"=""21/03/2026 11:16:56"""
"=""5061122955703""",,,,,,,,"=""21/03/2026 11:16:56"""
"=""5061122955710""",,,,,,,,"=""21/03/2026 11:16:56"""
"=""5061122955727""",,,,,,,,"=""21/03/2026 11:16:56"""
"=""5061122955734""",,,,,,,,"=""21/03/2026 11:16:56"""
"=""5061122955741""",,,,,,,,"=""21/03/2026 11:16:56"""
"=""5061122955758""",,,,,,,,"=""21/03/2026 11:16:56"""
"=""5061122955765""",,,,,,,,"=""21/03/2026 11:16:56"""
"=""5061122955772""",,,,,,,,"=""21/03/2026 11:16:56"""
"=""5061122955789""",,,,,,,,"=""21/03/2026 11:16:56"""
"=""5061122955796""",,,,,,,,"=""21/03/2026 11:16:56"""
"=""5061122955802""",,,,,,,,"=""21/03/2026 11:16:56"""
"=""5061122955819""",,,,,,,,"=""21/03/2026 11:16:56"""
"=""5061122955826""",,,,,,,,"=""21/03/2026 11:16:56"""
"=""5061122955833""",,,,,,,,"=""21/03/2026 11:16:56"""
"=""5061122955840""",,,,,,,,"=""21/03/2026 11:16:56"""
"=""5061122955857""",,,,,,,,"=""21/03/2026 11:16:56"""
"=""5061122955864""",,,,,,,,"=""21/03/2026 11:16:56"""
"=""5061122955871""",,,,,,,,"=""21/03/2026 11:16:56"""
"=""5061122955888""",,,,,,,,"=""21/03/2026 11:16:56"""
"=""5061122955895""",,,,,,,,"=""21/03/2026 11:16:56"""
"=""5061122955901""",,,,,,,,"=""21/03/2026 11:16:56"""
"=""5061122955918""",,,,,,,,"=""21/03/2026 11:16:56"""
"=""5061122955925""",,,,,,,,"=""21/03/2026 11:16:56"""
"=""5061122955932""",,,,,,,,"=""21/03/2026 11:16:56"""
"=""5061122955949""",,,,,,,,"=""21/03/2026 11:16:56"""
"=""5061122955956""",,,,,,,,"=""21/03/2026 11:16:56"""
"=""5061122955963""",,,,,,,,"=""21/03/2026 11:16:56"""
"=""5061122955970""",,,,,,,,"=""21/03/2026 11:16:56"""
"=""5061122955987""",,,,,,,,"=""21/03/2026 11:16:56"""
"=""5061122955994""",,,,,,,,"=""21/03/2026 11:16:56"""
"=""5061122956007""",,,,,,,,"=""21/03/2026 11:16:56"""
"=""5061122956014""",,,,,,,,"=""21/03/2026 11:16:56"""
"=""5061122956021""",,,,,,,,"=""21/03/2026 11:16:56"""
"=""5061122956038""",,,,,,,,"=""21/03/2026 11:16:56"""
"=""5061122956045""",,,,,,,,"=""21/03/2026 11:16:56"""
"=""5061122956052""",,,,,,,,"=""21/03/2026 11:16:56"""
"=""5061122956069""",,,,,,,,"=""21/03/2026 11:16:56"""
"=""5061122956076""",,,,,,,,"=""21/03/2026 11:16:56"""
"=""5061122956083""",,,,,,,,"=""21/03/2026 11:16:56"""
"=""5061122956090""",,,,,,,,"=""21/03/2026 11:16:56"""
"=""5061122956106""",,,,,,,,"=""21/03/2026 11:16:56"""
"=""5061122956113""",,,,,,,,"=""21/03/2026 11:16:56"""
"=""5061122956120""",,,,,,,,"=""21/03/2026 11:16:56"""
"=""5061122956137""",,,,,,,,"=""21/03/2026 11:16:56"""
"=""5061122956144""",,,,,,,,"=""21/03/2026 11:16:56"""
"=""5061122956151""",,,,,,,,"=""21/03/2026 11:16:56"""
"=""5061122956168""",,,,,,,,"=""21/03/2026 11:16:56"""
"=""5061122956175""",,,,,,,,"=""21/03/2026 11:16:56"""
"=""5061122956182""",,,,,,,,"=""21/03/2026 11:16:56"""
"=""5061122956199""",,,,,,,,"=""21/03/2026 11:16:56"""
"=""5061122956205""",,,,,,,,"=""21/03/2026 11:16:56"""
"=""5061122956212""",,,,,,,,"=""21/03/2026 11:16:56"""
"=""5061122956229""",,,,,,,,"=""21/03/2026 11:16:56"""
"=""5061122956236""",,,,,,,,"=""21/03/2026 11:16:56"""
"=""5061122956243""",,,,,,,,"=""21/03/2026 11:16:56"""
"=""5061122956250""",,,,,,,,"=""21/03/2026 11:16:56"""
"=""5061122956267""",,,,,,,,"=""21/03/2026 11:16:56"""
"=""5061122956274""",,,,,,,,"=""21/03/2026 11:16:56"""
"=""5061122956281""",,,,,,,,"=""21/03/2026 11:16:56"""
"=""5061122956298""",,,,,,,,"=""21/03/2026 11:16:56"""
"=""5061122956304""",,,,,,,,"=""21/03/2026 11:16:56"""
"=""5061122956311""",,,,,,,,"=""21/03/2026 11:16:56"""
"=""5061122956328""",,,,,,,,"=""21/03/2026 11:16:56"""
"=""5061122956335""",,,,,,,,"=""21/03/2026 11:16:56"""
"=""5061122956342""",,,,,,,,"=""21/03/2026 11:16:56"""
"=""5061122956359""",,,,,,,,"=""21/03/2026 11:16:56"""
"=""5061122956366""",,,,,,,,"=""21/03/2026 11:16:56"""
"=""5061122956373""",,,,,,,,"=""21/03/2026 11:16:56"""
"=""5061122956380""",,,,,,,,"=""21/03/2026 11:16:56"""
"=""5061122956397""",,,,,,,,"=""21/03/2026 11:16:56"""
"=""5061122956403""",,,,,,,,"=""21/03/2026 11:16:56"""
"=""5061122956410""",,,,,,,,"=""21/03/2026 11:16:56"""
"=""5061122956427""",,,,,,,,"=""21/03/2026 11:16:56"""
"=""5061122956434""",,,,,,,,"=""21/03/2026 11:16:56"""
"=""5061122956441""",,,,,,,,"=""21/03/2026 11:16:56"""
"=""5061122956458""",,,,,,,,"=""21/03/2026 11:16:56"""
"=""5061122956465""",,,,,,,,"=""21/03/2026 11:16:56"""
"=""5061122956472""",,,,,,,,"=""21/03/2026 11:16:56"""
"=""5061122956489""",,,,,,,,"=""21/03/2026 11:16:56"""
"=""5061122956496""",,,,,,,,"=""21/03/2026 11:16:56"""
"=""5061122956502""",,,,,,,,"=""21/03/2026 11:16:56"""
"=""5061122956519""",,,,,,,,"=""21/03/2026 11:16:56"""
"=""5061122956526""",,,,,,,,"=""21/03/2026 11:16:56"""
"=""5061122956533""",,,,,,,,"=""21/03/2026 11:16:56"""
"=""5061122956540""",,,,,,,,"=""21/03/2026 11:16:56"""
"=""5061122956557""",,,,,,,,"=""21/03/2026 11:16:56"""
"=""5061122956564""",,,,,,,,"=""21/03/2026 11:16:56"""
"=""5061122956571""",,,,,,,,"=""21/03/2026 11:16:56"""
"=""5061122956588""",,,,,,,,"=""21/03/2026 11:16:56"""
"=""5061122956595""",,,,,,,,"=""21/03/2026 11:16:56"""
"=""5061122956601""",,,,,,,,"=""21/03/2026 11:16:56"""
"=""5061122956618""",,,,,,,,"=""21/03/2026 11:16:56"""
"=""5061122956625""",,,,,,,,"=""21/03/2026 11:16:56"""
"=""5061122956632""",,,,,,,,"=""21/03/2026 11:16:56"""
"=""5061122956649""",,,,,,,,"=""21/03/2026 11:16:56"""
"=""5061122956656""",,,,,,,,"=""21/03/2026 11:16:56"""
"=""5061122956663""",,,,,,,,"=""21/03/2026 11:16:56"""
"=""5061122956670""",,,,,,,,"=""21/03/2026 11:16:56"""
"=""5061122956687""",,,,,,,,"=""21/03/2026 11:16:56"""
"=""5061122956694""",,,,,,,,"=""21/03/2026 11:16:56"""
"=""5061122956700""",,,,,,,,"=""21/03/2026 11:16:56"""
"=""5061122956717""",,,,,,,,"=""21/03/2026 11:16:56"""
"=""5061122956724""",,,,,,,,"=""21/03/2026 11:16:56"""
"=""5061122956731""",,,,,,,,"=""21/03/2026 11:16:56"""
"=""5061122956748""",,,,,,,,"=""21/03/2026 11:16:56"""
"=""5061122956755""",,,,,,,,"=""21/03/2026 11:16:56"""
"=""5061122956762""",,,,,,,,"=""21/03/2026 11:16:56"""
"=""5061122956779""",,,,,,,,"=""21/03/2026 11:16:56"""
"=""5061122956786""",,,,,,,,"=""21/03/2026 11:16:56"""
"=""5061122956793""",,,,,,,,"=""21/03/2026 11:16:56"""
"=""5061122956809""",,,,,,,,"=""21/03/2026 11:16:56"""
"=""5061122956816""",,,,,,,,"=""21/03/2026 11:16:56"""
"=""5061122956823""",,,,,,,,"=""21/03/2026 11:16:56"""
"=""5061122956830""",,,,,,,,"=""21/03/2026 11:16:56"""
"=""5061122956847""",,,,,,,,"=""21/03/2026 11:16:56"""
"=""5061122956854""",,,,,,,,"=""21/03/2026 11:16:56"""
"=""5061122956861""",,,,,,,,"=""21/03/2026 11:16:56"""
"=""5061122956878""",,,,,,,,"=""21/03/2026 11:16:56"""
"=""5061122956885""",,,,,,,,"=""21/03/2026 11:16:56"""
"=""5061122956892""",,,,,,,,"=""21/03/2026 11:16:56"""
"=""5061122956908""",,,,,,,,"=""21/03/2026 11:16:56"""
"=""5061122956915""",,,,,,,,"=""21/03/2026 11:16:56"""
"=""5061122956922""",,,,,,,,"=""21/03/2026 11:16:56"""
"=""5061122956939""",,,,,,,,"=""21/03/2026 11:16:56"""
"=""5061122956946""",,,,,,,,"=""21/03/2026 11:16:56"""
"=""5061122956953""",,,,,,,,"=""21/03/2026 11:16:56"""
"=""5061122956960""",,,,,,,,"=""21/03/2026 11:16:56"""
"=""5061122956977""",,,,,,,,"=""21/03/2026 11:16:56"""
"=""5061122956984""",,,,,,,,"=""21/03/2026 11:16:56"""
"=""5061122956991""",,,,,,,,"=""21/03/2026 11:16:56"""
"=""5061122957004""",,,,,,,,"=""21/03/2026 11:16:56"""
"=""5061122957011""",,,,,,,,"=""21/03/2026 11:16:56"""
"=""5061122957028""",,,,,,,,"=""21/03/2026 11:16:56"""
"=""5061122957035""",,,,,,,,"=""21/03/2026 11:16:56"""
"=""5061122957042""",,,,,,,,"=""21/03/2026 11:16:56"""
"=""5061122957059""",,,,,,,,"=""21/03/2026 11:16:56"""
"=""5061122957066""",,,,,,,,"=""21/03/2026 11:16:56"""
"=""5061122957073""",,,,,,,,"=""21/03/2026 11:16:56"""
"=""5061122957080""",,,,,,,,"=""21/03/2026 11:16:56"""
"=""5061122957097""",,,,,,,,"=""21/03/2026 11:16:56"""
"=""5061122957103""",,,,,,,,"=""21/03/2026 11:16:56"""
"=""5061122957110""",,,,,,,,"=""21/03/2026 11:16:56"""
"=""5061122957127""",,,,,,,,"=""21/03/2026 11:16:56"""
"=""5061122957134""",,,,,,,,"=""21/03/2026 11:16:56"""
"=""5061122957141""",,,,,,,,"=""21/03/2026 11:16:56"""
"=""5061122957158""",,,,,,,,"=""21/03/2026 11:16:56"""
"=""5061122957165""",,,,,,,,"=""21/03/2026 11:16:56"""
"=""5061122957172""",,,,,,,,"=""21/03/2026 11:16:56"""
"=""5061122957189""",,,,,,,,"=""21/03/2026 11:16:56"""
"=""5061122957196""",,,,,,,,"=""21/03/2026 11:16:56"""
"=""5061122957202""",,,,,,,,"=""21/03/2026 11:16:56"""
"=""5061122957219""",,,,,,,,"=""21/03/2026 11:16:56"""
"=""5061122957226""",,,,,,,,"=""21/03/2026 11:16:56"""
"=""5061122957233""",,,,,,,,"=""21/03/2026 11:16:56"""
"=""5061122957240""",,,,,,,,"=""21/03/2026 11:16:56"""
"=""5061122957257""",,,,,,,,"=""21/03/2026 11:16:56"""
"=""5061122957264""",,,,,,,,"=""21/03/2026 11:16:56"""
"=""5061122957271""",,,,,,,,"=""21/03/2026 11:16:56"""
"=""5061122957288""",,,,,,,,"=""21/03/2026 11:16:56"""
"=""5061122957295""",,,,,,,,"=""21/03/2026 11:16:56"""
"=""5061122957301""",,,,,,,,"=""21/03/2026 11:16:56"""
"=""5061122957318""",,,,,,,,"=""21/03/2026 11:16:56"""
"=""5061122957325""",,,,,,,,"=""21/03/2026 11:16:56"""
"=""5061122957332""",,,,,,,,"=""21/03/2026 11:16:56"""
"=""5061122957349""",,,,,,,,"=""21/03/2026 11:16:56"""
"=""5061122957356""",,,,,,,,"=""21/03/2026 11:16:56"""
"=""5061122957363""",,,,,,,,"=""21/03/2026 11:16:56"""
"=""5061122957370""",,,,,,,,"=""21/03/2026 11:16:56"""
"=""5061122957387""",,,,,,,,"=""21/03/2026 11:16:56"""
"=""5061122957394""",,,,,,,,"=""21/03/2026 11:16:56"""
"=""5061122957400""",,,,,,,,"=""21/03/2026 11:16:56"""
"=""5061122957417""",,,,,,,,"=""21/03/2026 11:16:56"""
"=""5061122957424""",,,,,,,,"=""21/03/2026 11:16:56"""
"=""5061122957431""",,,,,,,,"=""21/03/2026 11:16:56"""
"=""5061122957448""",,,,,,,,"=""21/03/2026 11:16:56"""
"=""5061122957455""",,,,,,,,"=""21/03/2026 11:16:56"""
"=""5061122957462""",,,,,,,,"=""21/03/2026 11:16:56"""
"=""5061122957479""",,,,,,,,"=""21/03/2026 11:16:56"""
"=""5061122957486""",,,,,,,,"=""21/03/2026 11:16:56"""
"=""5061122957493""",,,,,,,,"=""21/03/2026 11:16:56"""
"=""5061122957509""",,,,,,,,"=""21/03/2026 11:16:56"""
"=""5061122957516""",,,,,,,,"=""21/03/2026 11:16:56"""
"=""5061122957523""",,,,,,,,"=""21/03/2026 11:16:56"""
"=""5061122957530""",,,,,,,,"=""21/03/2026 11:16:56"""
"=""5061122957547""",,,,,,,,"=""21/03/2026 11:16:56"""
"=""5061122957554""",,,,,,,,"=""21/03/2026 11:16:56"""
"=""5061122957561""",,,,,,,,"=""21/03/2026 11:16:56"""
"=""5061122957578""",,,,,,,,"=""21/03/2026 11:16:56"""
"=""5061122957585""",,,,,,,,"=""21/03/2026 11:16:56"""
"=""5061122957592""",,,,,,,,"=""21/03/2026 11:16:56"""
"=""5061122957608""",,,,,,,,"=""21/03/2026 11:16:56"""
"=""5061122957615""",,,,,,,,"=""21/03/2026 11:16:56"""
"=""5061122957622""",,,,,,,,"=""21/03/2026 11:16:56"""
"=""5061122957639""",,,,,,,,"=""21/03/2026 11:16:56"""
"=""5061122957646""",,,,,,,,"=""21/03/2026 11:16:56"""
"=""5061122957653""",,,,,,,,"=""21/03/2026 11:16:56"""
"=""5061122957660""",,,,,,,,"=""21/03/2026 11:16:56"""
"=""5061122957677""",,,,,,,,"=""21/03/2026 11:16:56"""
"=""5061122957684""",,,,,,,,"=""21/03/2026 11:16:56"""
"=""5061122957691""",,,,,,,,"=""21/03/2026 11:16:56"""
"=""5061122957707""",,,,,,,,"=""21/03/2026 11:16:56"""
"=""5061122957714""",,,,,,,,"=""21/03/2026 11:16:56"""
"=""5061122957721""",,,,,,,,"=""21/03/2026 11:16:56"""
"=""5061122957738""",,,,,,,,"=""21/03/2026 11:16:56"""
"=""5061122957745""",,,,,,,,"=""21/03/2026 11:16:56"""
"=""5061122957752""",,,,,,,,"=""21/03/2026 11:16:56"""
"=""5061122957769""",,,,,,,,"=""21/03/2026 11:16:56"""
"=""5061122957776""",,,,,,,,"=""21/03/2026 11:16:56"""
"=""5061122957783""",,,,,,,,"=""21/03/2026 11:16:56"""
"=""5061122957790""",,,,,,,,"=""21/03/2026 11:16:56"""
"=""5061122957806""",,,,,,,,"=""21/03/2026 11:16:56"""
"=""5061122957813""",,,,,,,,"=""21/03/2026 11:16:56"""
"=""5061122957820""",,,,,,,,"=""21/03/2026 11:16:56"""
"=""5061122957837""",,,,,,,,"=""21/03/2026 11:16:56"""
"=""5061122957844""",,,,,,,,"=""21/03/2026 11:16:56"""
"=""5061122957851""",,,,,,,,"=""21/03/2026 11:16:56"""
"=""5061122957868""",,,,,,,,"=""21/03/2026 11:16:56"""
"=""5061122957875""",,,,,,,,"=""21/03/2026 11:16:56"""
"=""5061122957882""",,,,,,,,"=""21/03/2026 11:16:56"""
"=""5061122957899""",,,,,,,,"=""21/03/2026 11:16:56"""
"=""5061122957905""",,,,,,,,"=""21/03/2026 11:16:56"""
"=""5061122957912""",,,,,,,,"=""21/03/2026 11:16:56"""
"=""5061122957929""",,,,,,,,"=""21/03/2026 11:16:56"""
"=""5061122957936""",,,,,,,,"=""21/03/2026 11:16:56"""
"=""5061122957943""",,,,,,,,"=""21/03/2026 11:16:56"""
"=""5061122957950""",,,,,,,,"=""21/03/2026 11:16:56"""
"=""5061122957967""",,,,,,,,"=""21/03/2026 11:16:56"""
"=""5061122957974""",,,,,,,,"=""21/03/2026 11:16:56"""
"=""5061122957981""",,,,,,,,"=""21/03/2026 11:16:56"""
"=""5061122957998""",,,,,,,,"=""21/03/2026 11:16:56"""
"=""5061122958001""",,,,,,,,"=""21/03/2026 11:16:56"""
"=""5061122958018""",,,,,,,,"=""21/03/2026 11:16:56"""
"=""5061122958025""",,,,,,,,"=""21/03/2026 11:16:56"""
"=""5061122958032""",,,,,,,,"=""21/03/2026 11:16:56"""
"=""5061122958049""",,,,,,,,"=""21/03/2026 11:16:56"""
"=""5061122958056""",,,,,,,,"=""21/03/2026 11:16:56"""
"=""5061122958063""",,,,,,,,"=""21/03/2026 11:16:56"""
"=""5061122958070""",,,,,,,,"=""21/03/2026 11:16:56"""
"=""5061122958087""",,,,,,,,"=""21/03/2026 11:16:56"""
"=""5061122958094""",,,,,,,,"=""21/03/2026 11:16:56"""
"=""5061122958100""",,,,,,,,"=""21/03/2026 11:16:56"""
"=""5061122958117""",,,,,,,,"=""21/03/2026 11:16:56"""
"=""5061122958124""",,,,,,,,"=""21/03/2026 11:16:56"""
"=""5061122958131""",,,,,,,,"=""21/03/2026 11:16:56"""
"=""5061122958148""",,,,,,,,"=""21/03/2026 11:16:56"""
"=""5061122958155""",,,,,,,,"=""21/03/2026 11:16:56"""
"=""5061122958162""",,,,,,,,"=""21/03/2026 11:16:56"""
"=""5061122958179""",,,,,,,,"=""21/03/2026 11:16:56"""
"=""5061122958186""",,,,,,,,"=""21/03/2026 11:16:56"""
"=""5061122958193""",,,,,,,,"=""21/03/2026 11:16:56"""
"=""5061122958209""",,,,,,,,"=""21/03/2026 11:16:56"""
"=""5061122958216""",,,,,,,,"=""21/03/2026 11:16:56"""
"=""5061122958223""",,,,,,,,"=""21/03/2026 11:16:56"""
"=""5061122958230""",,,,,,,,"=""21/03/2026 11:16:56"""
"=""5061122958247""",,,,,,,,"=""21/03/2026 11:16:56"""
"=""5061122958254""",,,,,,,,"=""21/03/2026 11:16:56"""
"=""5061122958261""",,,,,,,,"=""21/03/2026 11:16:56"""
"=""5061122958278""",,,,,,,,"=""21/03/2026 11:16:56"""
"=""5061122958285""",,,,,,,,"=""21/03/2026 11:16:56"""
"=""5061122958292""",,,,,,,,"=""21/03/2026 11:16:56"""
"=""5061122958308""",,,,,,,,"=""21/03/2026 11:16:56"""
"=""5061122958315""",,,,,,,,"=""21/03/2026 11:16:56"""
"=""5061122958322""",,,,,,,,"=""21/03/2026 11:16:56"""
"=""5061122958339""",,,,,,,,"=""21/03/2026 11:16:56"""
"=""5061122958346""",,,,,,,,"=""21/03/2026 11:16:56"""
"=""5061122958353""",,,,,,,,"=""21/03/2026 11:16:56"""
"=""5061122958360""",,,,,,,,"=""21/03/2026 11:16:56"""
"=""5061122958377""",,,,,,,,"=""21/03/2026 11:16:56"""
"=""5061122958384""",,,,,,,,"=""21/03/2026 11:16:56"""
"=""5061122958391""",,,,,,,,"=""21/03/2026 11:16:56"""
"=""5061122958407""",,,,,,,,"=""21/03/2026 11:16:56"""
"=""5061122958414""",,,,,,,,"=""21/03/2026 11:16:56"""
"=""5061122958421""",,,,,,,,"=""21/03/2026 11:16:56"""
"=""5061122958438""",,,,,,,,"=""21/03/2026 11:16:56"""
"=""5061122958445""",,,,,,,,"=""21/03/2026 11:16:56"""
"=""5061122958452""",,,,,,,,"=""21/03/2026 11:16:56"""
"=""5061122958469""",,,,,,,,"=""21/03/2026 11:16:56"""
"=""5061122958476""",,,,,,,,"=""21/03/2026 11:16:56"""
"=""5061122958483""",,,,,,,,"=""21/03/2026 11:16:56"""
"=""5061122958490""",,,,,,,,"=""21/03/2026 11:16:56"""
"=""5061122958506""",,,,,,,,"=""21/03/2026 11:16:56"""
"=""5061122958513""",,,,,,,,"=""21/03/2026 11:16:56"""
"=""5061122958520""",,,,,,,,"=""21/03/2026 11:16:56"""
"=""5061122958537""",,,,,,,,"=""21/03/2026 11:16:56"""
"=""5061122958544""",,,,,,,,"=""21/03/2026 11:16:56"""
"=""5061122958551""",,,,,,,,"=""21/03/2026 11:16:56"""
"=""5061122958568""",,,,,,,,"=""21/03/2026 11:16:56"""
"=""5061122958575""",,,,,,,,"=""21/03/2026 11:16:56"""
"=""5061122958582""",,,,,,,,"=""21/03/2026 11:16:56"""
"=""5061122958599""",,,,,,,,"=""21/03/2026 11:16:56"""
"=""5061122958605""",,,,,,,,"=""21/03/2026 11:16:56"""
"=""5061122958612""",,,,,,,,"=""21/03/2026 11:16:56"""
"=""5061122958629""",,,,,,,,"=""21/03/2026 11:16:56"""
"=""5061122958636""",,,,,,,,"=""21/03/2026 11:16:56"""
"=""5061122958643""",,,,,,,,"=""21/03/2026 11:16:56"""
"=""5061122958650""",,,,,,,,"=""21/03/2026 11:16:56"""
"=""5061122958667""",,,,,,,,"=""21/03/2026 11:16:56"""
"=""5061122958674""",,,,,,,,"=""21/03/2026 11:16:56"""
"=""5061122958681""",,,,,,,,"=""21/03/2026 11:16:56"""
"=""5061122958698""",,,,,,,,"=""21/03/2026 11:16:56"""
"=""5061122958704""",,,,,,,,"=""21/03/2026 11:16:56"""
"=""5061122958711""",,,,,,,,"=""21/03/2026 11:16:56"""
"=""5061122958728""",,,,,,,,"=""21/03/2026 11:16:56"""
"=""5061122958735""",,,,,,,,"=""21/03/2026 11:16:56"""
"=""5061122958742""",,,,,,,,"=""21/03/2026 11:16:56"""
"=""5061122958759""",,,,,,,,"=""21/03/2026 11:16:56"""
"=""5061122958766""",,,,,,,,"=""21/03/2026 11:16:56"""
"=""5061122958773""",,,,,,,,"=""21/03/2026 11:16:56"""
"=""5061122958780""",,,,,,,,"=""21/03/2026 11:16:56"""
"=""5061122958797""",,,,,,,,"=""21/03/2026 11:16:56"""
"=""5061122958803""",,,,,,,,"=""21/03/2026 11:16:56"""
"=""5061122958810""",,,,,,,,"=""21/03/2026 11:16:56"""
"=""5061122958827""",,,,,,,,"=""21/03/2026 11:16:56"""
"=""5061122958834""",,,,,,,,"=""21/03/2026 11:16:56"""
"=""5061122958841""",,,,,,,,"=""21/03/2026 11:16:56"""
"=""5061122958858""",,,,,,,,"=""21/03/2026 11:16:56"""
"=""5061122958865""",,,,,,,,"=""21/03/2026 11:16:56"""
"=""5061122958872""",,,,,,,,"=""21/03/2026 11:16:56"""
"=""5061122958889""",,,,,,,,"=""21/03/2026 11:16:56"""
"=""5061122958896""",,,,,,,,"=""21/03/2026 11:16:56"""
"=""5061122958902""",,,,,,,,"=""21/03/2026 11:16:56"""
"=""5061122958919""",,,,,,,,"=""21/03/2026 11:16:56"""
"=""5061122958926""",,,,,,,,"=""21/03/2026 11:16:56"""
"=""5061122958933""",,,,,,,,"=""21/03/2026 11:16:56"""
"=""5061122958940""",,,,,,,,"=""21/03/2026 11:16:56"""
"=""5061122958957""",,,,,,,,"=""21/03/2026 11:16:56"""
"=""5061122958964""",,,,,,,,"=""21/03/2026 11:16:56"""
"=""5061122958971""",,,,,,,,"=""21/03/2026 11:16:56"""
"=""5061122958988""",,,,,,,,"=""21/03/2026 11:16:56"""
"=""5061122958995""",,,,,,,,"=""21/03/2026 11:16:56"""
"=""5061122959008""",,,,,,,,"=""21/03/2026 11:16:56"""
"=""5061122959015""",,,,,,,,"=""21/03/2026 11:16:56"""
"=""5061122959022""",,,,,,,,"=""21/03/2026 11:16:56"""
"=""5061122959039""",,,,,,,,"=""21/03/2026 11:16:56"""
"=""5061122959046""",,,,,,,,"=""21/03/2026 11:16:56"""
"=""5061122959053""",,,,,,,,"=""21/03/2026 11:16:56"""
"=""5061122959060""",,,,,,,,"=""21/03/2026 11:16:56"""
"=""5061122959077""",,,,,,,,"=""21/03/2026 11:16:56"""
"=""5061122959084""",,,,,,,,"=""21/03/2026 11:16:56"""
"=""5061122959091""",,,,,,,,"=""21/03/2026 11:16:56"""
"=""5061122959107""",,,,,,,,"=""21/03/2026 11:16:56"""
"=""5061122959114""",,,,,,,,"=""21/03/2026 11:16:56"""
"=""5061122959121""",,,,,,,,"=""21/03/2026 11:16:56"""
"=""5061122959138""",,,,,,,,"=""21/03/2026 11:16:56"""
"=""5061122959145""",,,,,,,,"=""21/03/2026 11:16:56"""
"=""5061122959152""",,,,,,,,"=""21/03/2026 11:16:56"""
"=""5061122959169""",,,,,,,,"=""21/03/2026 11:16:56"""
"=""5061122959176""",,,,,,,,"=""21/03/2026 11:16:56"""
"=""5061122959183""",,,,,,,,"=""21/03/2026 11:16:56"""
"=""5061122959190""",,,,,,,,"=""21/03/2026 11:16:56"""
"=""5061122959206""",,,,,,,,"=""21/03/2026 11:16:56"""
"=""5061122959213""",,,,,,,,"=""21/03/2026 11:16:56"""
"=""5061122959220""",,,,,,,,"=""21/03/2026 11:16:56"""
"=""5061122959237""",,,,,,,,"=""21/03/2026 11:16:56"""
"=""5061122959244""",,,,,,,,"=""21/03/2026 11:16:56"""
"=""5061122959251""",,,,,,,,"=""21/03/2026 11:16:56"""
"=""5061122959268""",,,,,,,,"=""21/03/2026 11:16:56"""
"=""5061122959275""",,,,,,,,"=""21/03/2026 11:16:56"""
"=""5061122959282""",,,,,,,,"=""21/03/2026 11:16:56"""
"=""5061122959299""",,,,,,,,"=""21/03/2026 11:16:56"""
"=""5061122959305""",,,,,,,,"=""21/03/2026 11:16:56"""
"=""5061122959312""",,,,,,,,"=""21/03/2026 11:16:56"""
"=""5061122959329""",,,,,,,,"=""21/03/2026 11:16:56"""
"=""5061122959336""",,,,,,,,"=""21/03/2026 11:16:56"""
"=""5061122959343""",,,,,,,,"=""21/03/2026 11:16:56"""
"=""5061122959350""",,,,,,,,"=""21/03/2026 11:16:56"""
"=""5061122959367""",,,,,,,,"=""21/03/2026 11:16:56"""
"=""5061122959374""",,,,,,,,"=""21/03/2026 11:16:56"""
"=""5061122959381""",,,,,,,,"=""21/03/2026 11:16:56"""
"=""5061122959398""",,,,,,,,"=""21/03/2026 11:16:56"""
"=""5061122959404""",,,,,,,,"=""21/03/2026 11:16:56"""
"=""5061122959411""",,,,,,,,"=""21/03/2026 11:16:56"""
"=""5061122959428""",,,,,,,,"=""21/03/2026 11:16:56"""
"=""5061122959435""",,,,,,,,"=""21/03/2026 11:16:56"""
"=""5061122959442""",,,,,,,,"=""21/03/2026 11:16:56"""
"=""5061122959459""",,,,,,,,"=""21/03/2026 11:16:56"""
"=""5061122959466""",,,,,,,,"=""21/03/2026 11:16:56"""
"=""5061122959473""",,,,,,,,"=""21/03/2026 11:16:56"""
"=""5061122959480""",,,,,,,,"=""21/03/2026 11:16:56"""
"=""5061122959497""",,,,,,,,"=""21/03/2026 11:16:56"""
"=""5061122959503""",,,,,,,,"=""21/03/2026 11:16:56"""
"=""5061122959510""",,,,,,,,"=""21/03/2026 11:16:56"""
"=""5061122959527""",,,,,,,,"=""21/03/2026 11:16:56"""
"=""5061122959534""",,,,,,,,"=""21/03/2026 11:16:56"""
"=""5061122959541""",,,,,,,,"=""21/03/2026 11:16:56"""
"=""5061122959558""",,,,,,,,"=""21/03/2026 11:16:56"""
"=""5061122959565""",,,,,,,,"=""21/03/2026 11:16:56"""
"=""5061122959572""",,,,,,,,"=""21/03/2026 11:16:56"""
"=""5061122959589""",,,,,,,,"=""21/03/2026 11:16:56"""
"=""5061122959596""",,,,,,,,"=""21/03/2026 11:16:56"""
"=""5061122959602""",,,,,,,,"=""21/03/2026 11:16:56"""
"=""5061122959619""",,,,,,,,"=""21/03/2026 11:16:56"""
"=""5061122959626""",,,,,,,,"=""21/03/2026 11:16:56"""
"=""5061122959633""",,,,,,,,"=""21/03/2026 11:16:56"""
"=""5061122959640""",,,,,,,,"=""21/03/2026 11:16:56"""
"=""5061122959657""",,,,,,,,"=""21/03/2026 11:16:56"""
"=""5061122959664""",,,,,,,,"=""21/03/2026 11:16:56"""
"=""5061122959671""",,,,,,,,"=""21/03/2026 11:16:56"""
"=""5061122959688""",,,,,,,,"=""21/03/2026 11:16:56"""
"=""5061122959695""",,,,,,,,"=""21/03/2026 11:16:56"""
"=""5061122959701""",,,,,,,,"=""21/03/2026 11:16:56"""
"=""5061122959718""",,,,,,,,"=""21/03/2026 11:16:56"""
"=""5061122959725""",,,,,,,,"=""21/03/2026 11:16:56"""
"=""5061122959732""",,,,,,,,"=""21/03/2026 11:16:56"""
"=""5061122959749""",,,,,,,,"=""21/03/2026 11:16:56"""
"=""5061122959756""",,,,,,,,"=""21/03/2026 11:16:56"""
"=""5061122959763""",,,,,,,,"=""21/03/2026 11:16:56"""
"=""5061122959770""",,,,,,,,"=""21/03/2026 11:16:56"""
"=""5061122959787""",,,,,,,,"=""21/03/2026 11:16:56"""
"=""5061122959794""",,,,,,,,"=""21/03/2026 11:16:56"""
"=""5061122959800""",,,,,,,,"=""21/03/2026 11:16:56"""
"=""5061122959817""",,,,,,,,"=""21/03/2026 11:16:56"""
"=""5061122959824""",,,,,,,,"=""21/03/2026 11:16:56"""
"=""5061122959831""",,,,,,,,"=""21/03/2026 11:16:56"""
"=""5061122959848""",,,,,,,,"=""21/03/2026 11:16:56"""
"=""5061122959855""",,,,,,,,"=""21/03/2026 11:16:56"""
"=""5061122959862""",,,,,,,,"=""21/03/2026 11:16:56"""
"=""5061122959879""",,,,,,,,"=""21/03/2026 11:16:56"""
"=""5061122959886""",,,,,,,,"=""21/03/2026 11:16:56"""
"=""5061122959893""",,,,,,,,"=""21/03/2026 11:16:56"""
"=""5061122959909""",,,,,,,,"=""21/03/2026 11:16:56"""
"=""5061122959916""",,,,,,,,"=""21/03/2026 11:16:56"""
"=""5061122959923""",,,,,,,,"=""21/03/2026 11:16:56"""
"=""5061122959930""",,,,,,,,"=""21/03/2026 11:16:56"""
"=""5061122959947""",,,,,,,,"=""21/03/2026 11:16:56"""
"=""5061122959954""",,,,,,,,"=""21/03/2026 11:16:56"""
"=""5061122959961""",,,,,,,,"=""21/03/2026 11:16:56"""
"=""5061122959978""",,,,,,,,"=""21/03/2026 11:16:56"""
"=""5061122959985""",,,,,,,,"=""21/03/2026 11:16:56"""
"=""5061122959992""",,,,,,,,"=""21/03/2026 11:16:56"""
